regionno,regionname,year,gdpcap,sec.agriculture,sec.energy,sec.industry,sec.construction,sec.services.venta,sec.services.nonventa,school.illit,school.prim,school.med,school.high,school.post.high,popdens,invest
1,Spain (Espana),1955,2.35454163800577,,,,,,,,,,,,,
1,Spain (Espana),1956,2.48014858129262,,,,,,,,,,,,,
1,Spain (Espana),1957,2.60361314875437,,,,,,,,,,,,,
1,Spain (Espana),1958,2.63710359749335,,,,,,,,,,,,,
1,Spain (Espana),1959,2.66988013887773,,,,,,,,,,,,,
1,Spain (Espana),1960,2.86996575022929,,,,,,,,,,,,,
1,Spain (Espana),1961,3.04748635399651,19.5400009155273,4.71000003814697,26.420000076294,6.26999998092651,36.6199989318848,6.44000005722046,,,,,,,
1,Spain (Espana),1962,3.27327916772663,,,,,,,,,,,,,
1,Spain (Espana),1963,3.49350193506375,19.0499992370605,4.30999994277954,26.0499992370606,6.82999992370606,38,5.76999998092651,,,,,,,
1,Spain (Espana),1964,3.600114279221,,,,,,,2863.2783203125,18679.095703125,1064.24572753906,359.745727539063,212.143417358398,,18.3601837158203
1,Spain (Espana),1965,3.7007998412284,16.1599998474121,4.30999994277954,27.0100002288818,7.6399998664856,38.4000015258789,6.48000001907349,2826.32153320313,18805.349609375,1129.03112792969,377.947143554688,218,,20.5730609893799
1,Spain (Espana),1966,3.82347902343192,,,,,,,2789.84204101563,18959.24609375,1201.23583984375,398.725372314453,224.335403442383,,22.2630004882813
1,Spain (Espana),1967,3.93966025401783,14.1199998855591,4.1399998664856,26.7399997711182,7.67000007629395,39.5699996948242,7.76000022888184,2753.83325195313,19178.095703125,1285.103515625,422.267883300781,231.975006103516,,22.634765625
1,Spain (Espana),1968,4.17373600567249,,,,,,,2718.2890625,19319.001953125,1487.38073730469,447.321075439453,236.050003051758,,23.1126155853272
1,Spain (Espana),1969,4.41052573846089,12.8100004196167,4.13000011444092,26.7700004577637,7.84000015258789,40.060001373291,8.39000034332275,2683.20385742188,19459.55859375,1696.14685058594,474.941162109375,252.25,66.3399963378906,23.8235015869141
1,Spain (Espana),1970,4.59168822858648,,,,,,,,,,,,,23.4512672424316
1,Spain (Espana),1971,4.76906587654643,,,,,,,,,,,,,21.7007255554199
1,Spain (Espana),1972,5.07426432152198,,,,,,,,,,,,,23.0834999084473
1,Spain (Espana),1973,5.3735362022681,,,,,,,,,,,,,24.4110679626465
1,Spain (Espana),1974,5.50678365402854,,,,,,,,,,,,,25.0546245574951
1,Spain (Espana),1975,5.63260481310585,,,,,,,,,,,,,23.1503295898438
1,Spain (Espana),1976,5.69744355267915,,,,,,,,,,,,,22.437141418457
1,Spain (Espana),1977,5.75949726905594,,,,,,,,,,,,,21.7354965209961
1,Spain (Espana),1978,5.71665236759921,,,,,,,,,,,,,21.0691146850586
1,Spain (Espana),1979,5.68723223679953,,,,,,,,,,,,,20.0666217803955
1,Spain (Espana),1980,5.71079684543256,,,,,,,,,,,,,19.9076251983643
1,Spain (Espana),1981,5.75992570063687,,,,,,,,,,,,,19.1218509674072
1,Spain (Espana),1982,5.82526434969473,,,,,,,,,,,,,19.204309463501
1,Spain (Espana),1983,5.89353054191548,,,,,,,,,,,,,18.4446907043457
1,Spain (Espana),1984,6.00421320401202,,,,,,,,,,,,,16.7821617126465
1,Spain (Espana),1985,6.11639515872139,,,,,,,,,,,,,17.4106369018555
1,Spain (Espana),1986,6.49650113918345,,,,,,,,,,,,,17.9601345062256
1,Spain (Espana),1987,6.87817745432109,,,,,,,,,,,,,19.2979774475098
1,Spain (Espana),1988,7.24293050409147,,,,,,,,,,,,,20.8252849578857
1,Spain (Espana),1989,7.60854041702371,,,,,,,,,,,,,22.4756412506104
1,Spain (Espana),1990,7.79491556402412,,,,,,,,,,,,,23.3564167022705
1,Spain (Espana),1991,7.97843508160615,,,,,,,,,,,,,23.1464080810547
1,Spain (Espana),1992,7.83490396438071,,,,,,,,,,,,,22.4360275268555
1,Spain (Espana),1993,7.69208762619163,,,,,,,,,,,,,20.3748607635498
1,Spain (Espana),1994,7.88988877759256,,,,,,,,,,,,,20.2575531005859
1,Spain (Espana),1995,8.09482987422121,,,,,,,,,,,,,21.206729888916
1,Spain (Espana),1996,8.32404992267834,,,,,,,,,,,,,
1,Spain (Espana),1997,8.67037954278688,,,,,,,,,,,,,
2,Andalucia,1955,1.68873183014256,,,,,,,,,,,,,
2,Andalucia,1956,1.75849753289657,,,,,,,,,,,,,
2,Andalucia,1957,1.82762069723941,,,,,,,,,,,,,
2,Andalucia,1958,1.85275629430933,,,,,,,,,,,,,
2,Andalucia,1959,1.87803484718652,,,,,,,,,,,,,
2,Andalucia,1960,2.01013996001143,,,,,,,,,,,,,
2,Andalucia,1961,2.12917747377702,27.7199993133545,2.77999997138977,18.4500007629395,6.96999979019165,36.6300010681152,7.44999980926514,,,,,,,
2,Andalucia,1962,2.28034844571473,,,,,,,,,,,,,
2,Andalucia,1963,2.43101972608831,27.1299991607666,2.54999995231628,18.1000003814697,7.73000001907349,37.6699981689453,6.82000017166138,,,,,,,
2,Andalucia,1964,2.50885458681727,,,,,,,924.403015136719,3028.12719726563,129.512100219727,48.9593620300293,24.9379730224609,,17.4014949798584
2,Andalucia,1965,2.58469002752841,24.5200004577637,2.65000009536743,18.1800003051758,8.55000019073486,38.3199996948242,7.78000020980835,899.348999023438,3036.81640625,136.179748535156,51.7772178649902,25.7527732849121,,18.3089637756348
2,Andalucia,1966,2.69444434855945,,,,,,,874.787658691406,3049.4423828125,143.5947265625,54.9832267761231,26.6312026977539,,18.4299926757813
2,Andalucia,1967,2.80234220537994,21.8700008392334,2.65000009536743,18.2199993133545,8.53999996185303,39.0800018310547,9.64999961853027,850.710571289063,3072.63598632813,152.235733032227,58.6103782653809,27.6725540161133,,19.1156578063965
2,Andalucia,1968,2.98736079765435,,,,,,,827.109252929688,3086.955078125,174.595489501953,62.4910278320313,28.2954711914063,,20.6084861755371
2,Andalucia,1969,3.17909177525729,19.7299995422363,3.24000000953674,18.4300003051758,8.85999965667725,39.2299995422363,10.5200004577637,803.975463867188,3100.572265625,197.274108886719,66.7777633666992,30.3835697174072,68.5100021362305,22.0555896759033
2,Andalucia,1970,3.35432726531259,,,,,,,,,,,,,23.3137626647949
2,Andalucia,1971,3.52292206586344,,,,,,,,,,,,,22.3175086975098
2,Andalucia,1972,3.75621265018031,,,,,,,,,,,,,22.1272926330566
2,Andalucia,1973,3.98771781234937,,,,,,,,,,,,,21.8019485473633
2,Andalucia,1974,4.05184220872719,,,,,,,,,,,,,23.6468963623047
2,Andalucia,1975,4.11218219878026,,,,,,,,,,,,,22.7574157714844
2,Andalucia,1976,4.22179356400403,,,,,,,,,,,,,21.5302619934082
2,Andalucia,1977,4.33169084084235,,,,,,,,,,,,,18.8983554840088
2,Andalucia,1978,4.30519868904643,,,,,,,,,,,,,19.8129272460938
2,Andalucia,1979,4.2269351788161,,,,,,,,,,,,,19.6916809082031
2,Andalucia,1980,4.21151120606166,,,,,,,,,,,,,20.9232215881348
2,Andalucia,1981,4.20701245654143,,,,,,,,,,,,,21.8307266235352
2,Andalucia,1982,4.24907153689906,,,,,,,,,,,,,22.1853771209717
2,Andalucia,1983,4.29163096258212,,,,,,,,,,,,,21.1268634796143
2,Andalucia,1984,4.35868333796371,,,,,,,,,,,,,19.9248065948486
2,Andalucia,1985,4.42659257650716,,,,,,,,,,,,,20.382495880127
2,Andalucia,1986,4.66323891764741,,,,,,,,,,,,,19.3726501464844
2,Andalucia,1987,4.90067107988677,,,,,,,,,,,,,20.4932041168213
2,Andalucia,1988,5.15959717075813,,,,,,,,,,,,,23.3585662841797
2,Andalucia,1989,5.41773787637126,,,,,,,,,,,,,25.7622928619385
2,Andalucia,1990,5.5852611621289,,,,,,,,,,,,,28.3183250427246
2,Andalucia,1991,5.74921447527269,,,,,,,,,,,,,26.49245262146
2,Andalucia,1992,5.64124535846901,,,,,,,,,,,,,24.3187294006348
2,Andalucia,1993,5.53491849008542,,,,,,,,,,,,,21.1836738586426
2,Andalucia,1994,5.63881728894981,,,,,,,,,,,,,20.2683906555176
2,Andalucia,1995,5.72072268553851,,,,,,,,,,,,,22.1725749969482
2,Andalucia,1996,5.99592961232617,,,,,,,,,,,,,
2,Andalucia,1997,6.30098553733532,,,,,,,,,,,,,
3,Aragon,1955,2.28877455736698,,,,,,,,,,,,,
3,Aragon,1956,2.44515862202038,,,,,,,,,,,,,
3,Aragon,1957,2.60339893296391,,,,,,,,,,,,,
3,Aragon,1958,2.63903175752798,,,,,,,,,,,,,
3,Aragon,1959,2.67709221577038,,,,,,,,,,,,,
3,Aragon,1960,2.8814623608517,,,,,,,,,,,,,
3,Aragon,1961,3.09954297028416,25.0699996948242,6.90999984741211,21.6599998474121,6.80000019073486,32.8499984741211,6.71000003814697,,,,,,,
3,Aragon,1962,3.35918318643055,,,,,,,,,,,,,
3,Aragon,1963,3.61418169724945,25.3400001525879,6.07999992370606,21.7299995422363,7.53000020980835,33.3499984741211,5.96000003814697,,,,,,,
3,Aragon,1964,3.68009129785463,,,,,,,77.6694641113281,722.28515625,36.2118072509766,14.2490568161011,8.3411340713501,,21.2724781036377
3,Aragon,1965,3.74528699110522,21.0200004577637,6.26999998092651,23.6000003814697,8.28999996185303,34.2299995422363,6.59999990463257,75.8038024902344,723.77685546875,38.2993583679199,14.8717565536499,8.45247268676758,,22.7678966522217
3,Aragon,1966,3.88331910400042,,,,,,,73.9733581542969,726.22314453125,40.6244239807129,15.5857191085815,8.57572555541992,,21.4764251708984
3,Aragon,1967,4.01613812417992,18.4799995422363,6.07999992370606,23.3799991607666,8.43000030517578,35.7099990844727,7.92999982833862,72.1775436401367,730.974853515625,43.3277626037598,16.3962135314941,8.74120998382568,,19.729175567627
3,Aragon,1968,4.24364488215421,,,,,,,70.4157562255859,733.101989746094,49.9937248229981,17.2527370452881,8.76598262786865,,20.5848808288574
3,Aragon,1969,4.47622090535517,18.7199993133545,6.05000019073486,23.5300006866455,8.10999965667725,35.310001373291,8.27999973297119,68.6874313354492,735.111572265625,56.8352546691895,18.1945724487305,9.22996997833252,24.0400009155273,23.6340599060059
3,Aragon,1970,4.59625802016946,,,,,,,,,,,,,24.9269580841064
3,Aragon,1971,4.72372186350775,,,,,,,,,,,,,22.1613140106201
3,Aragon,1972,5.00128538191097,,,,,,,,,,,,,21.9001197814941
3,Aragon,1973,5.28349060564169,,,,,,,,,,,,,22.707145690918
3,Aragon,1974,5.44237378187705,,,,,,,,,,,,,25.394905090332
3,Aragon,1975,5.60097104649788,,,,,,,,,,,,,25.4223594665527
3,Aragon,1976,5.73657508987388,,,,,,,,,,,,,26.0618801116943
3,Aragon,1977,5.86639552482773,,,,,,,,,,,,,22.859992980957
3,Aragon,1978,5.92502135271619,,,,,,,,,,,,,21.286657333374
3,Aragon,1979,5.95279923509578,,,,,,,,,,,,,20.492244720459
3,Aragon,1980,5.97472159530871,,,,,,,,,,,,,20.7298030853271
3,Aragon,1981,6.01113958721057,,,,,,,,,,,,,20.8206253051758
3,Aragon,1982,6.13360477154407,,,,,,,,,,,,,26.4890670776367
3,Aragon,1983,6.26085418117145,,,,,,,,,,,,,17.5623760223389
3,Aragon,1984,6.37289361591443,,,,,,,,,,,,,18.1013278961182
3,Aragon,1985,6.49550132021431,,,,,,,,,,,,,19.533239364624
3,Aragon,1986,6.92652092426717,,,,,,,,,,,,,18.3258762359619
3,Aragon,1987,7.3586118251928,,,,,,,,,,,,,19.5995044708252
3,Aragon,1988,7.80277028828817,,,,,,,,,,,,,20.0823040008545
3,Aragon,1989,8.24264530725596,,,,,,,,,,,,,22.157751083374
3,Aragon,1990,8.45829762924879,,,,,,,,,,,,,22.2104244232178
3,Aragon,1991,8.6682378207231,,,,,,,,,,,,,22.0179557800293
3,Aragon,1992,8.46686626086743,,,,,,,,,,,,,22.8654041290283
3,Aragon,1993,8.25692694107487,,,,,,,,,,,,,21.5592422485352
3,Aragon,1994,8.57397851450925,,,,,,,,,,,,,21.9211864471436
3,Aragon,1995,8.84675824345946,,,,,,,,,,,,,20.6667442321777
3,Aragon,1996,9.09668683529036,,,,,,,,,,,,,
3,Aragon,1997,9.51870894030277,,,,,,,,,,,,,
4,Principado De Asturias,1955,2.50292780466742,,,,,,,,,,,,,
4,Principado De Asturias,1956,2.61553840887816,,,,,,,,,,,,,
4,Principado De Asturias,1957,2.72579263939377,,,,,,,,,,,,,
4,Principado De Asturias,1958,2.75185657752919,,,,,,,,,,,,,
4,Principado De Asturias,1959,2.77742082410048,,,,,,,,,,,,,
4,Principado De Asturias,1960,2.96729511957242,,,,,,,,,,,,,
4,Principado De Asturias,1961,3.14388738227415,14.1199998855591,21.3600006103516,22.0799999237061,9.02999973297119,28.4599990844727,4.94999980926514,,,,,,,
4,Principado De Asturias,1962,3.37353608023266,,,,,,,,,,,,,
4,Principado De Asturias,1963,3.59725799604131,15.1700000762939,19.0400009155273,22.3600006103516,8.96000003814697,29.7099990844727,4.76999998092651,,,,,,,
4,Principado De Asturias,1964,3.67259352726788,,,,,,,29.012674331665,668.60009765625,37.5539970397949,12.8383855819702,5.93828773498535,,21.048454284668
4,Principado De Asturias,1965,3.74335883107059,12.1000003814697,18.4699993133545,24.4099998474121,9.5600004196167,30.0300006866455,5.42999982833862,30.0442886352539,668.96533203125,39.8879127502441,13.5026836395264,6.10620307922363,,22.6595020294189
4,Principado De Asturias,1966,3.9093828242154,,,,,,,31.0444412231445,670.01220703125,42.4897613525391,14.2605600357056,6.28775262832642,,22.340934753418
4,Principado De Asturias,1967,4.07312213948916,10.5600004196167,18.3099994659424,24.7999992370606,8.68000030517578,31.170000076294,6.48000001907349,32.0137672424316,672.922668457031,45.5107574462891,15.1190309524536,6.50611162185669,,21.4814567565918
4,Principado De Asturias,1968,4.30862614169389,,,,,,,32.9529037475586,672.704772949219,52.7372436523438,16.0334854125977,6.62471008300781,,23.0380535125732
4,Principado De Asturias,1969,4.54970019029161,9.85999965667725,16.0599994659424,26.9799995422363,8.80000019073486,31.3899993896484,6.90999984741211,33.8624610900879,672.251281738281,60.2112197875977,17.0420017242432,7.08396434783936,98.7399978637695,26.0494537353516
4,Principado De Asturias,1970,4.63160515103944,,,,,,,,,,,,,23.9371795654297
4,Principado De Asturias,1971,4.69965734539016,,,,,,,,,,,,,21.7478637695313
4,Principado De Asturias,1972,5.02256487683207,,,,,,,,,,,,,21.0096817016602
4,Principado De Asturias,1973,5.34561536408125,,,,,,,,,,,,,22.8314018249512
4,Principado De Asturias,1974,5.50249933821922,,,,,,,,,,,,,24.3478260040283
4,Principado De Asturias,1975,5.65195658383319,,,,,,,,,,,,,23.0620956420898
4,Principado De Asturias,1976,5.59225945907196,,,,,,,,,,,,,20.9734210968018
4,Principado De Asturias,1977,5.53870333225105,,,,,,,,,,,,,22.2392463684082
4,Principado De Asturias,1978,5.61461025086582,,,,,,,,,,,,,19.3666744232178
4,Principado De Asturias,1979,5.70429889381494,,,,,,,,,,,,,18.1282520294189
4,Principado De Asturias,1980,5.79698655783058,,,,,,,,,,,,,16.1302757263184
4,Principado De Asturias,1981,5.93566110017674,,,,,,,,,,,,,15.4835338592529
4,Principado De Asturias,1982,5.84975729939325,,,,,,,,,,,,,17.848123550415
4,Principado De Asturias,1983,5.76906615548459,,,,,,,,,,,,,17.3350830078125
4,Principado De Asturias,1984,5.88731806607153,,,,,,,,,,,,,15.7501068115234
4,Principado De Asturias,1985,6.01128254301784,,,,,,,,,,,,,16.3055534362793
4,Principado De Asturias,1986,6.23479002511559,,,,,,,,,,,,,19.2548580169678
4,Principado De Asturias,1987,6.4652958041564,,,,,,,,,,,,,21.5103187561035
4,Principado De Asturias,1988,6.68816042096232,,,,,,,,,,,,,21.1311721801758
4,Principado De Asturias,1989,6.91352458519106,,,,,,,,,,,,,20.3636207580566
4,Principado De Asturias,1990,6.98314755005824,,,,,,,,,,,,,22.2122764587402
4,Principado De Asturias,1991,7.04063103901118,,,,,,,,,,,,,23.6604309082031
4,Principado De Asturias,1992,6.92280756000518,,,,,,,,,,,,,20.5400199890137
4,Principado De Asturias,1993,6.79834317357429,,,,,,,,,,,,,18.5378379821777
4,Principado De Asturias,1994,6.95415585083949,,,,,,,,,,,,,18.6073780059814
4,Principado De Asturias,1995,7.11646691556319,,,,,,,,,,,,,18.4219799041748
4,Principado De Asturias,1996,7.21722373755378,,,,,,,,,,,,,
4,Principado De Asturias,1997,7.47572139684421,,,,,,,,,,,,,
5,Baleares (Islas),1955,3.14395886017778,,,,,,,,,,,,,
5,Baleares (Islas),1956,3.34775783579134,,,,,,,,,,,,,
5,Baleares (Islas),1957,3.54962865137026,,,,,,,,,,,,,
5,Baleares (Islas),1958,3.64267348698363,,,,,,,,,,,,,
5,Baleares (Islas),1959,3.73486167735558,,,,,,,,,,,,,
5,Baleares (Islas),1960,4.05884050567026,,,,,,,,,,,,,
5,Baleares (Islas),1961,4.36025410848017,16.3400001525879,2.14000010490417,22.1599998474121,7.05999994277954,45.3800010681152,6.92999982833862,,,,,,,
5,Baleares (Islas),1962,4.64617269647288,,,,,,,,,,,,,
5,Baleares (Islas),1963,4.91152526105823,15.8000001907349,1.94000005722046,20.0900001525879,8.14999961853027,48.2900009155274,5.73000001907349,,,,,,,
5,Baleares (Islas),1964,5.05069971288895,,,,,,,48.0786170959473,294.38134765625,14.7882413864136,5.30359840393066,3.35199999809265,,14.1790342330933
5,Baleares (Islas),1965,5.18466150784486,12.5100002288818,2.14000010490417,18.7900009155273,8.88000011444092,52.0999984741211,5.57999992370606,48.0171203613281,296.678833007813,16.258171081543,5.51208782196045,3.46646857261658,,19.0025005340576
5,Baleares (Islas),1966,5.46679525367194,,,,,,,47.9492034912109,299.291717529297,17.9040660858154,5.75198602676392,3.58977746963501,,26.2534103393555
5,Baleares (Islas),1967,5.73764638674664,11.0100002288818,2.11999988555908,16.5300006866455,8.60000038146973,54.7799987792969,6.96000003814697,47.8750381469727,302.806091308594,19.802547454834,6.02474308013916,3.7353618144989,,29.701530456543
5,Baleares (Islas),1968,6.16145369598642,,,,,,,47.7947998046875,304.936309814453,23.6700248718262,6.31135892868042,3.82472586631775,,30.7616958618164
5,Baleares (Islas),1969,6.58169103261233,9.98999977111816,2.03999996185303,13.7200002670288,8.77999973297119,58.2099990844727,7.26999998092651,47.7086563110352,306.787414550781,27.8481731414795,6.62585115432739,4.11259126663208,104.169998168945,26.7520999908447
5,Baleares (Islas),1970,6.88703243339515,,,,,,,,,,,,,26.4437465667725
5,Baleares (Islas),1971,7.16866626973767,,,,,,,,,,,,,23.7412166595459
5,Baleares (Islas),1972,7.5706937387309,,,,,,,,,,,,,23.8075218200684
5,Baleares (Islas),1973,7.95629785184144,,,,,,,,,,,,,23.1038875579834
5,Baleares (Islas),1974,7.97272207940589,,,,,,,,,,,,,23.3105583190918
5,Baleares (Islas),1975,7.97414989411508,,,,,,,,,,,,,22.3685703277588
5,Baleares (Islas),1976,8.03484683784544,,,,,,,,,,,,,19.8859233856201
5,Baleares (Islas),1977,8.0805482404023,,,,,,,,,,,,,18.0879421234131
5,Baleares (Islas),1978,8.04198765475489,,,,,,,,,,,,,17.650239944458
5,Baleares (Islas),1979,8.00485575549843,,,,,,,,,,,,,17.8388481140137
5,Baleares (Islas),1980,8.25978257049325,,,,,,,,,,,,,18.2605838775635
5,Baleares (Islas),1981,8.53113361305252,,,,,,,,,,,,,14.8526191711426
5,Baleares (Islas),1982,8.7225078548986,,,,,,,,,,,,,13.5585250854492
5,Baleares (Islas),1983,8.92530722946346,,,,,,,,,,,,,11.6211080551147
5,Baleares (Islas),1984,9.27592116538132,,,,,,,,,,,,,10.1354694366455
5,Baleares (Islas),1985,9.65224186783687,,,,,,,,,,,,,11.3290481567383
5,Baleares (Islas),1986,10.2577834904313,,,,,,,,,,,,,16.519567489624
5,Baleares (Islas),1987,10.8233358409874,,,,,,,,,,,,,21.2754974365234
5,Baleares (Islas),1988,11.1203945217661,,,,,,,,,,,,,25.1139583587647
5,Baleares (Islas),1989,11.4081689202081,,,,,,,,,,,,,24.8808898925781
5,Baleares (Islas),1990,11.5124246727498,,,,,,,,,,,,,23.360876083374
5,Baleares (Islas),1991,11.6795199627673,,,,,,,,,,,,,20.8074073791504
5,Baleares (Islas),1992,11.3196226161945,,,,,,,,,,,,,18.028039932251
5,Baleares (Islas),1993,10.9697225876312,,,,,,,,,,,,,14.9990978240967
5,Baleares (Islas),1994,11.4195940529268,,,,,,,,,,,,,17.0898628234863
5,Baleares (Islas),1995,11.7737792689812,,,,,,,,,,,,,17.896915435791
5,Baleares (Islas),1996,11.9265920534981,,,,,,,,,,,,,
5,Baleares (Islas),1997,12.3500428449015,,,,,,,,,,,,,
6,Canarias,1955,1.91438157910519,,,,,,,,,,,,,
6,Canarias,1956,2.07183672271092,,,,,,,,,,,,,
6,Canarias,1957,2.22607819361879,,,,,,,,,,,,,
6,Canarias,1958,2.22086553674397,,,,,,,,,,,,,
6,Canarias,1959,2.21343902614041,,,,,,,,,,,,,
6,Canarias,1960,2.35768361487957,,,,,,,,,,,,,
6,Canarias,1961,2.44572979148815,26.2099990844727,9.53999996185303,9.78999996185303,6.17999982833862,40.2299995422363,8.0600004196167,,,,,,,
6,Canarias,1962,2.64824325443846,,,,,,,,,,,,,
6,Canarias,1963,2.84475867525573,23.9099998474121,8.42000007629395,9.85000038146973,6.80999994277954,43.9900016784668,7.01999998092651,,,,,,,
6,Canarias,1964,2.95115680362251,,,,,,,134.977569580078,505.942596435547,33.2646560668945,10.2709188461304,5.27583169937134,,17.0259399414063
6,Canarias,1965,3.05419873932504,19.4300003051758,8,10.0500001907349,8.68000030517578,46.1500015258789,7.69999980926514,132.246612548828,512.223693847656,36.6822166442871,10.8871955871582,5.47498607635498,,20.9989643096924
6,Canarias,1966,3.2317908209959,,,,,,,129.563690185547,518.962585449219,40.5098114013672,11.587664604187,5.68915796279907,,26.6728916168213
6,Canarias,1967,3.40338464261327,16.1800003051758,6.92000007629395,9.82999992370605,10.3999996185303,47.0900001525879,9.59000015258789,126.92797088623,527.237548828125,44.9232215881348,12.3797988891602,5.93983459472656,,30.120325088501
6,Canarias,1968,3.66031153138724,,,,,,,124.338722229004,532.043151855469,53.8288078308106,13.2286462783813,6.10211324691773,,32.1504631042481
6,Canarias,1969,3.91288219060737,13.9899997711182,6.21000003814697,9.5600004196167,11.2799997329712,48.9300003051758,10.039999961853,121.79515838623,536.16015625,63.4762229919434,14.1668691635132,6.5828104019165,148.25,28.7568988800049
6,Canarias,1970,4.22493554087783,,,,,,,,,,,,,23.9603977203369
6,Canarias,1971,4.49357347398511,,,,,,,,,,,,,23.4238739013672
6,Canarias,1972,4.78191925981528,,,,,,,,,,,,,27.6821231842041
6,Canarias,1973,5.05491298663552,,,,,,,,,,,,,26.5648536682129
6,Canarias,1974,4.967794933172,,,,,,,,,,,,,23.0051422119141
6,Canarias,1975,4.88153374287034,,,,,,,,,,,,,20.5993461608887
6,Canarias,1976,4.94844316244466,,,,,,,,,,,,,18.8343353271484
6,Canarias,1977,5.00792628933586,,,,,,,,,,,,,20.2992210388184
6,Canarias,1978,5.04091682859027,,,,,,,,,,,,,19.8448696136475
6,Canarias,1979,5.23350488727551,,,,,,,,,,,,,18.7241382598877
6,Canarias,1980,5.43708921125772,,,,,,,,,,,,,18.553279876709
6,Canarias,1981,5.65824053758078,,,,,,,,,,,,,16.641674041748
6,Canarias,1982,5.68730371470317,,,,,,,,,,,,,16.3411331176758
6,Canarias,1983,5.71986582237664,,,,,,,,,,,,,14.9887752532959
6,Canarias,1984,5.80134235154353,,,,,,,,,,,,,15.7615900039673
6,Canarias,1985,5.88560390390692,,,,,,,,,,,,,19.1585693359375
6,Canarias,1986,6.25678386323216,,,,,,,,,,,,,19.6497135162354
6,Canarias,1987,6.61268193392848,,,,,,,,,,,,,20.7193813323975
6,Canarias,1988,6.97700655211792,,,,,,,,,,,,,24.3144397735596
6,Canarias,1989,7.33790328181904,,,,,,,,,,,,,25.8593711853027
6,Canarias,1990,7.34504409872849,,,,,,,,,,,,,25.5112228393555
6,Canarias,1991,7.34718669247403,,,,,,,,,,,,,22.8962173461914
6,Canarias,1992,7.22007980281304,,,,,,,,,,,,,20.1320972442627
6,Canarias,1993,7.09218796373469,,,,,,,,,,,,,17.6260604858398
6,Canarias,1994,7.41074013730452,,,,,,,,,,,,,19.9668464660645
6,Canarias,1995,7.61639514128776,,,,,,,,,,,,,19.6725215911865
6,Canarias,1996,7.81705192210708,,,,,,,,,,,,,
6,Canarias,1997,8.06055447606487,,,,,,,,,,,,,
7,Cantabria,1955,2.55941169257165,,,,,,,,,,,,,
7,Cantabria,1956,2.69387317909169,,,,,,,,,,,,,
7,Cantabria,1957,2.8203369855404,,,,,,,,,,,,,
7,Cantabria,1958,2.87903450925294,,,,,,,,,,,,,
7,Cantabria,1959,2.94373029301896,,,,,,,,,,,,,
7,Cantabria,1960,3.1370322590588,,,,,,,,,,,,,
7,Cantabria,1961,3.32762067980577,16.7099990844727,3.1800000667572,37.9199981689453,5.61999988555908,31.6800003051758,4.90000009536743,,,,,,,
7,Cantabria,1962,3.55534143565008,,,,,,,,,,,,,
7,Cantabria,1963,3.77142262506471,18.2399997711182,2.94000005722046,36.1800003051758,5.75,32.5999984741211,4.28999996185303,,,,,,,
7,Cantabria,1964,3.83940290567092,,,,,,,9.68474006652832,284.568359375,20.7413806915283,6.54473781585693,2.73772668838501,,25.9189758300781
7,Cantabria,1965,3.90609832737521,16.2099990844727,2.77999997138977,36.75,6.28999996185303,33.2400016784668,4.73999977111816,9.56692123413086,286.330200195313,21.5585098266602,6.80100536346436,2.78703331947327,,28.1631698608398
7,Cantabria,1966,4.03213348432256,,,,,,,9.45053100585938,288.415008544922,22.4632587432861,7.09592056274414,2.84099197387695,,29.7192420959473
7,Cantabria,1967,4.15595544130249,14.9700002670288,2.69000005722046,35.8699989318848,6.17999982833862,34.5800018310547,5.71999979019165,9.33555126190186,291.335388183594,23.5245227813721,7.43125104904175,2.90978312492371,,28.9676017761231
7,Cantabria,1968,4.37589251494551,,,,,,,9.22196483612061,292.683197021484,26.6404342651367,7.78354120254517,2.93244957923889,,29.9379234313965
7,Cantabria,1969,4.61082556560291,13.4799995422363,2.88000011444092,35.9300003051758,6.03999996185303,35.3199996948242,6.34000015258789,9.10975551605225,294.098236083984,29.710376739502,8.17006301879883,3.10330152511597,87.3899993896484,31.7203559875488
7,Cantabria,1970,4.7914166683403,,,,,,,,,,,,,27.2976818084717
7,Cantabria,1971,4.96965161530299,,,,,,,,,,,,,24.1462631225586
7,Cantabria,1972,5.15538433285244,,,,,,,,,,,,,26.6463279724121
7,Cantabria,1973,5.33876045878633,,,,,,,,,,,,,25.9357929229736
7,Cantabria,1974,5.50835486038587,,,,,,,,,,,,,27.2517414093018
7,Cantabria,1975,5.67523571669255,,,,,,,,,,,,,25.4183330535889
7,Cantabria,1976,5.79605821676508,,,,,,,,,,,,,23.3222694396973
7,Cantabria,1977,5.90295647253686,,,,,,,,,,,,,21.7218837738037
7,Cantabria,1978,5.91659524106394,,,,,,,,,,,,,20.854923248291
7,Cantabria,1979,5.90645540308796,,,,,,,,,,,,,19.3349609375
7,Cantabria,1980,5.8991001524676,,,,,,,,,,,,,19.4796085357666
7,Cantabria,1981,5.91488151474021,,,,,,,,,,,,,23.029748916626
7,Cantabria,1982,5.9168807168376,,,,,,,,,,,,,20.2042331695557
7,Cantabria,1983,5.94165957815066,,,,,,,,,,,,,18.771089553833
7,Cantabria,1984,6.02884910951782,,,,,,,,,,,,,18.2284927368164
7,Cantabria,1985,6.13831751893432,,,,,,,,,,,,,19.6516265869141
7,Cantabria,1986,6.42045126476141,,,,,,,,,,,,,17.644136428833
7,Cantabria,1987,6.71322475804904,,,,,,,,,,,,,20.1474628448486
7,Cantabria,1988,7.02342186202938,,,,,,,,,,,,,20.3745632171631
7,Cantabria,1989,7.33361896600971,,,,,,,,,,,,,22.8378524780273
7,Cantabria,1990,7.45072853766112,,,,,,,,,,,,,22.0300846099854
7,Cantabria,1991,7.59640137695034,,,,,,,,,,,,,20.6100959777832
7,Cantabria,1992,7.46215367037989,,,,,,,,,,,,,21.6292610168457
7,Cantabria,1993,7.32790596380945,,,,,,,,,,,,,23.0652160644531
7,Cantabria,1994,7.55069997439348,,,,,,,,,,,,,21.568395614624
7,Cantabria,1995,7.77706352175048,,,,,,,,,,,,,22.591121673584
7,Cantabria,1996,7.9077408198662,,,,,,,,,,,,,
7,Cantabria,1997,8.22693498704611,,,,,,,,,,,,,
8,Castilla Y Leon,1955,1.72914877104031,,,,,,,,,,,,,
8,Castilla Y Leon,1956,1.83833192260359,,,,,,,,,,,,,
8,Castilla Y Leon,1957,1.9476578120537,,,,,,,,,,,,,
8,Castilla Y Leon,1958,1.97136537649399,,,,,,,,,,,,,
8,Castilla Y Leon,1959,1.99514420091748,,,,,,,,,,,,,
8,Castilla Y Leon,1960,2.13881740226844,,,,,,,,,,,,,
8,Castilla Y Leon,1961,2.23950296427583,32.5499992370606,9.01000022888184,16.0499992370605,6.17000007629395,29.1399993896484,7.07999992370606,,,,,,,
8,Castilla Y Leon,1962,2.45422738104403,,,,,,,,,,,,,
8,Castilla Y Leon,1963,2.67223651257286,33.2299995422363,8.17000007629395,15.75,6.6399998664856,29.7099990844727,6.5,,,,,,,
8,Castilla Y Leon,1964,2.77777777777778,,,,,,,110.669097900391,1800.78466796875,90.2709884643555,33.6689147949219,19.031759262085,,18.7428321838379
8,Castilla Y Leon,1965,2.88217648612673,30.5200004577637,7.84999990463257,16.3600006103516,7.36999988555908,30.6100006103516,7.28000020980835,108.557182312012,1784.60620117188,93.0149154663086,35.0594444274902,19.0506000518799,,19.8590602874756
8,Castilla Y Leon,1966,2.98807492292939,,,,,,,106.481353759766,1770.78649902344,96.0362777709961,36.6567306518555,19.0829524993897,,19.3095703125
8,Castilla Y Leon,1967,3.09454431127937,27.0200004577637,7.23999977111816,16.7600002288818,7.69999980926514,32.1300010681152,9.14999961853027,104.441024780273,1762.45178222656,99.6097412109375,38.4714508056641,19.1937732696533,,18.868968963623
8,Castilla Y Leon,1968,3.30227086694538,,,,,,,102.435623168945,1748.35729980469,111.663963317871,40.3835639953613,18.9824352264404,,19.4028263092041
8,Castilla Y Leon,1969,3.5209939058288,25.2700004577637,6.82000017166138,17.4500007629395,7.84000015258789,32.6300010681152,9.98999977111816,100.464584350586,1734.58569335938,123.203689575195,42.4837989807129,19.6990413665772,28.7700004577637,21.7317962646484
8,Castilla Y Leon,1970,3.67052284726685,,,,,,,,,,,,,22.3235569000244
8,Castilla Y Leon,1971,3.82183677501183,,,,,,,,,,,,,21.8736476898193
8,Castilla Y Leon,1972,4.08176224901144,,,,,,,,,,,,,22.7254333496094
8,Castilla Y Leon,1973,4.34540152311393,,,,,,,,,,,,,25.2864246368408
8,Castilla Y Leon,1974,4.46472429473276,,,,,,,,,,,,,26.2827758789063
8,Castilla Y Leon,1975,4.58111952318869,,,,,,,,,,,,,26.2781448364258
8,Castilla Y Leon,1976,4.7327193625482,,,,,,,,,,,,,26.5485191345215
8,Castilla Y Leon,1977,4.88467571974414,,,,,,,,,,,,,25.1691036224365
8,Castilla Y Leon,1978,4.94680091402457,,,,,,,,,,,,,24.4022541046143
8,Castilla Y Leon,1979,4.92037980429141,,,,,,,,,,,,,23.975700378418
8,Castilla Y Leon,1980,4.89374469668822,,,,,,,,,,,,,26.6389312744141
8,Castilla Y Leon,1981,4.88103383338577,,,,,,,,,,,,,27.1625480651856
8,Castilla Y Leon,1982,4.92309334958427,,,,,,,,,,,,,27.6147747039795
8,Castilla Y Leon,1983,4.97072247633489,,,,,,,,,,,,,25.4617786407471
8,Castilla Y Leon,1984,5.11346777246122,,,,,,,,,,,,,22.6302833557129
8,Castilla Y Leon,1985,5.26199667700969,,,,,,,,,,,,,24.7101421356201
8,Castilla Y Leon,1986,5.6473148785057,,,,,,,,,,,,,19.7041282653809
8,Castilla Y Leon,1987,6.04463003594955,,,,,,,,,,,,,19.0892887115479
8,Castilla Y Leon,1988,6.35439870834895,,,,,,,,,,,,,20.9405784606934
8,Castilla Y Leon,1989,6.67402174295068,,,,,,,,,,,,,22.784252166748
8,Castilla Y Leon,1990,6.87032273005704,,,,,,,,,,,,,23.4983215332031
8,Castilla Y Leon,1991,7.06319626451594,,,,,,,,,,,,,22.53342628479
8,Castilla Y Leon,1992,7.04548717804958,,,,,,,,,,,,,24.0742378234863
8,Castilla Y Leon,1993,7.02763513577594,,,,,,,,,,,,,21.9429492950439
8,Castilla Y Leon,1994,7.07426444355742,,,,,,,,,,,,,22.298885345459
8,Castilla Y Leon,1995,7.28291934028894,,,,,,,,,,,,,22.3803024291992
8,Castilla Y Leon,1996,7.61139691812384,,,,,,,,,,,,,
8,Castilla Y Leon,1997,7.88846009120162,,,,,,,,,,,,,
9,Castilla-La Mancha,1955,1.32776351357759,,,,,,,,,,,,,
9,Castilla-La Mancha,1956,1.41509567387136,,,,,,,,,,,,,
9,Castilla-La Mancha,1957,1.50357039102109,,,,,,,,,,,,,
9,Castilla-La Mancha,1958,1.5314196423441,,,,,,,,,,,,,
9,Castilla-La Mancha,1959,1.5593401536503,,,,,,,,,,,,,
9,Castilla-La Mancha,1960,1.66752359520466,,,,,,,,,,,,,
9,Castilla-La Mancha,1961,1.75242790389967,42.1300010681152,5.09000015258789,16.1299991607666,4.78999996185303,26.3899993896484,5.46999979019165,,,,,,,
9,Castilla-La Mancha,1962,1.92045131706231,,,,,,,,,,,,,
9,Castilla-La Mancha,1963,2.09190240079285,41.5400009155273,4.57999992370606,16.2399997711182,5.1100001335144,27.3700008392334,5.15999984741211,,,,,,,
9,Castilla-La Mancha,1964,2.18259064479066,,,,,,,274.36865234375,1067.63903808594,26.89621925354,13.6807374954224,5.95148801803589,,14.950511932373
9,Castilla-La Mancha,1965,2.27470713933854,35.060001373291,5.32000017166138,17.5200004577637,5.96999979019165,30.1299991607666,6,266.183166503906,1052.43518066406,28.6108989715576,14.6527147293091,6.07189273834229,,16.5078983306885
9,Castilla-La Mancha,1966,2.3783919403329,,,,,,,258.163299560547,1038.83850097656,30.5229873657227,15.7534484863281,6.20317840576172,,17.8852577209473
9,Castilla-La Mancha,1967,2.48236221710092,31.5799999237061,5.34999990463257,18.2000007629395,6.26999998092651,31.1000003814697,7.5,250.306091308594,1028.95056152344,32.7421226501465,16.996208190918,6.3677134513855,,18.6468353271484
9,Castilla-La Mancha,1968,2.7090831539761,,,,,,,242.608703613281,1017.61560058594,37.9977378845215,18.335750579834,6.43204116821289,,18.7182598114014
9,Castilla-La Mancha,1969,2.94744365728096,30.1200008392334,5.55999994277954,17.7999992370605,6.90999984741211,31.2000007629395,8.39999961853027,235.068328857422,1006.13732910156,43.4472923278809,19.8195037841797,6.82267570495606,22.3799991607666,21.1153755187988
9,Castilla-La Mancha,1970,3.13688952117196,,,,,,,,,,,,,22.894416809082
9,Castilla-La Mancha,1971,3.31962299973445,,,,,,,,,,,,,23.1898212432861
9,Castilla-La Mancha,1972,3.62917745634339,,,,,,,,,,,,,23.9155044555664
9,Castilla-La Mancha,1973,3.94608672773181,,,,,,,,,,,,,27.1244258880615
9,Castilla-La Mancha,1974,4.0281346442869,,,,,,,,,,,,,26.9158058166504
9,Castilla-La Mancha,1975,4.11196820091023,,,,,,,,,,,,,26.2131309509277
9,Castilla-La Mancha,1976,4.26071110332874,,,,,,,,,,,,,25.0932846069336
9,Castilla-La Mancha,1977,4.41216798688098,,,,,,,,,,,,,25.3084964752197
9,Castilla-La Mancha,1978,4.44630086507092,,,,,,,,,,,,,26.2669353485107
9,Castilla-La Mancha,1979,4.40874053423352,,,,,,,,,,,,,25.8906097412109
9,Castilla-La Mancha,1980,4.32876329767946,,,,,,,,,,,,,27.1016082763672
9,Castilla-La Mancha,1981,4.26128249071694,,,,,,,,,,,,,25.6895370483398
9,Castilla-La Mancha,1982,4.34318745146476,,,,,,,,,,,,,28.0412845611572
9,Castilla-La Mancha,1983,4.42466441647253,,,,,,,,,,,,,28.0229206085205
9,Castilla-La Mancha,1984,4.55005714396891,,,,,,,,,,,,,26.228910446167
9,Castilla-La Mancha,1985,4.67766350727359,,,,,,,,,,,,,21.167423248291
9,Castilla-La Mancha,1986,4.98064831644084,,,,,,,,,,,,,27.0725765228272
9,Castilla-La Mancha,1987,5.29555860365231,,,,,,,,,,,,,27.3752861022949
9,Castilla-La Mancha,1988,5.67787778408178,,,,,,,,,,,,,28.907299041748
9,Castilla-La Mancha,1989,6.06533857932332,,,,,,,,,,,,,28.87522315979
9,Castilla-La Mancha,1990,6.27942013079968,,,,,,,,,,,,,27.8845691680908
9,Castilla-La Mancha,1991,6.47450730106688,,,,,,,,,,,,,29.4713535308838
9,Castilla-La Mancha,1992,6.33069114390866,,,,,,,,,,,,,29.3668060302734
9,Castilla-La Mancha,1993,6.18858914891504,,,,,,,,,,,,,28.2604522705078
9,Castilla-La Mancha,1994,6.2309341408872,,,,,,,,,,,,,24.7345809936523
9,Castilla-La Mancha,1995,6.3287634197149,,,,,,,,,,,,,25.9419326782227
9,Castilla-La Mancha,1996,6.61439609609308,,,,,,,,,,,,,
9,Castilla-La Mancha,1997,6.86539554895588,,,,,,,,,,,,,
10,Cataluna,1955,3.54662963030373,,,,,,,,,,,,,
10,Cataluna,1956,3.69044556954152,,,,,,,,,,,,,
10,Cataluna,1957,3.82683499817574,,,,,,,,,,,,,
10,Cataluna,1958,3.8756783776064,,,,,,,,,,,,,
10,Cataluna,1959,3.92173673384055,,,,,,,,,,,,,
10,Cataluna,1960,4.24178820002321,,,,,,,,,,,,,
10,Cataluna,1961,4.57533547892566,8.23999977111816,2.89000010490418,41.6100006103516,5.55000019073486,37.2999992370606,4.42000007629395,,,,,,,
10,Cataluna,1962,4.83804641196265,,,,,,,,,,,,,
10,Cataluna,1963,5.08133409636867,8.27999973297119,2.72000002861023,39.939998626709,6.42999982833862,38.8300018310547,3.78999996185303,,,,,,,
10,Cataluna,1964,5.15809787814531,,,,,,,262.816864013672,2749.12109375,168.848922729492,55.7905082702637,29.5606575012207,,16.5614433288574
10,Cataluna,1965,5.22365052507319,6.76999998092651,2.85999989509583,40.2900009155273,7.28000020980835,38.8499984741211,3.96000003814697,269.135833740234,2798.28125,181.376449584961,58.4356880187988,30.5408153533936,,20.0388870239258
10,Cataluna,1966,5.33247650503874,,,,,,,275.247894287109,2851.96044921875,195.368789672852,61.4609680175781,31.5972309112549,,23.8684711456299
10,Cataluna,1967,5.42944892070458,5.69000005722046,2.9300000667572,39.4799995422363,7.09999990463257,40.1300010681152,4.67000007629395,281.157318115234,2915.71752929688,211.568862915039,64.8915252685547,32.8478584289551,,24.7314453125
10,Cataluna,1968,5.67437885353069,,,,,,,286.868377685547,2966.74462890625,247.832916259766,68.5314025878906,33.6025543212891,,25.75998878479
10,Cataluna,1969,5.91552394419117,5.69999980926514,3,38.9599990844727,7.17000007629395,40.2299995422363,4.94000005722046,292.385131835938,3018.34545898438,285.996917724609,72.539794921875,36.0985488891602,153.119995117188,24.1620464324951
10,Cataluna,1970,6.06683787193614,,,,,,,,,,,,,21.5039901733398
10,Cataluna,1971,6.22764920820614,,,,,,,,,,,,,20.9517269134522
10,Cataluna,1972,6.53906012902564,,,,,,,,,,,,,23.3312225341797
10,Cataluna,1973,6.83797505609446,,,,,,,,,,,,,24.6595363616943
10,Cataluna,1974,6.98736082380481,,,,,,,,,,,,,24.100830078125
10,Cataluna,1975,7.12489302721544,,,,,,,,,,,,,21.1886425018311
10,Cataluna,1976,7.13538981886872,,,,,,,,,,,,,20.4112911224365
10,Cataluna,1977,7.1429590673591,,,,,,,,,,,,,18.5070133209229
10,Cataluna,1978,7.01935154409008,,,,,,,,,,,,,18.5064487457275
10,Cataluna,1979,7.01099691034147,,,,,,,,,,,,,17.6833438873291
10,Cataluna,1980,7.07883467098128,,,,,,,,,,,,,15.899486541748
10,Cataluna,1981,7.1822335603611,,,,,,,,,,,,,13.670280456543
10,Cataluna,1982,7.28720365609826,,,,,,,,,,,,,13.7905778884888
10,Cataluna,1983,7.3978863181948,,,,,,,,,,,,,15.8484268188477
10,Cataluna,1984,7.48429002846285,,,,,,,,,,,,,13.6417980194092
10,Cataluna,1985,7.5699798313763,,,,,,,,,,,,,13.1108713150024
10,Cataluna,1986,8.07769173930216,,,,,,,,,,,,,14.9053049087524
10,Cataluna,1987,8.58397583251884,,,,,,,,,,,,,18.1826725006104
10,Cataluna,1988,9.05741234228836,,,,,,,,,,,,,17.6598262786865
10,Cataluna,1989,9.52584975721223,,,,,,,,,,,,,18.4189586639404
10,Cataluna,1990,9.78506175969812,,,,,,,,,,,,,18.870548248291
10,Cataluna,1991,10.0506998000571,,,,,,,,,,,,,19.4772415161133
10,Cataluna,1992,9.83790310748268,,,,,,,,,,,,,21.0941829681396
10,Cataluna,1993,9.62510728658999,,,,,,,,,,,,,18.3188209533691
10,Cataluna,1994,10.0064270838912,,,,,,,,,,,,,17.8029975891113
10,Cataluna,1995,10.33990288489,,,,,,,,,,,,,18.3809680938721
10,Cataluna,1996,10.5762637502566,,,,,,,,,,,,,
10,Cataluna,1997,11.0454159442168,,,,,,,,,,,,,
11,Comunidad Valenciana,1955,2.57597822218206,,,,,,,,,,,,,
11,Comunidad Valenciana,1956,2.73850328477578,,,,,,,,,,,,,
11,Comunidad Valenciana,1957,2.89988579051354,,,,,,,,,,,,,
11,Comunidad Valenciana,1958,2.96351049532723,,,,,,,,,,,,,
11,Comunidad Valenciana,1959,3.02620685907542,,,,,,,,,,,,,
11,Comunidad Valenciana,1960,3.21929439140435,,,,,,,,,,,,,
11,Comunidad Valenciana,1961,3.36246790119118,23.6499996185303,3.01999998092651,27.6800003051758,4.53000020980835,36.1800003051758,4.96000003814697,,,,,,,
11,Comunidad Valenciana,1962,3.56998002314629,,,,,,,,,,,,,
11,Comunidad Valenciana,1963,3.76521014922076,21.7800006866455,2.75,27.2099990844727,5.42000007629395,38.3300018310547,4.5,,,,,,,
11,Comunidad Valenciana,1964,3.82369302130195,,,,,,,265.352386474609,1625.75366210938,84.9697952270508,29.6055355072022,15.6832036972046,,19.6991195678711
11,Comunidad Valenciana,1965,3.8741786491527,18.2700004577637,2.59999990463257,28.1800003051758,6.67000007629395,39.2400016784668,5.05000019073486,266.080993652344,1650.5283203125,89.9331130981445,31.188289642334,16.0734405517578,,21.8730087280273
11,Comunidad Valenciana,1966,3.97814892592072,,,,,,,266.74658203125,1677.83056640625,95.4620513916016,32.992431640625,16.4965915679932,,24.0267810821533
11,Comunidad Valenciana,1967,4.07340761526283,15.4799995422363,2.4300000667572,28.6399993896484,6.88000011444092,40.5,6.07000017166138,267.350677490234,1711.10729980469,101.888916015625,35.0352592468262,17.0129070281982,,24.6811904907227
11,Comunidad Valenciana,1968,4.27977739828241,,,,,,,267.894744873047,1738.71472167969,117.650833129883,37.2143325805664,17.2655029296875,,25.7572746276855
11,Comunidad Valenciana,1969,4.48628970126839,13.7299995422363,2.69000005722046,28.5200004577637,7.34999990463257,41.0699996948242,6.6399998664856,268.380218505859,1766.76818847656,133.849853515625,39.6187858581543,18.4009895324707,128.699996948242,26.178804397583
11,Comunidad Valenciana,1970,4.65474132809153,,,,,,,,,,,,,24.8410549163818
11,Comunidad Valenciana,1971,4.81712387071886,,,,,,,,,,,,,23.1996517181397
11,Comunidad Valenciana,1972,5.13888906322524,,,,,,,,,,,,,23.7017269134522
11,Comunidad Valenciana,1973,5.44937164297924,,,,,,,,,,,,,25.9421882629395
11,Comunidad Valenciana,1974,5.55798362507476,,,,,,,,,,,,,26.4274501800537
11,Comunidad Valenciana,1975,5.65595542386885,,,,,,,,,,,,,25.3052940368652
11,Comunidad Valenciana,1976,5.76135395118694,,,,,,,,,,,,,24.5974979400635
11,Comunidad Valenciana,1977,5.86103991214564,,,,,,,,,,,,,23.1891632080078
11,Comunidad Valenciana,1978,5.81091123797219,,,,,,,,,,,,,22.0904788970947
11,Comunidad Valenciana,1979,5.77549262919858,,,,,,,,,,,,,20.7497692108154
11,Comunidad Valenciana,1980,5.79098807985665,,,,,,,,,,,,,21.2112274169922
11,Comunidad Valenciana,1981,5.8996715398558,,,,,,,,,,,,,19.3309440612793
11,Comunidad Valenciana,1982,6.01813788415364,,,,,,,,,,,,,18.8458118438721
11,Comunidad Valenciana,1983,6.13981724738802,,,,,,,,,,,,,19.3196887969971
11,Comunidad Valenciana,1984,6.23686070511662,,,,,,,,,,,,,17.531343460083
11,Comunidad Valenciana,1985,6.33611823449439,,,,,,,,,,,,,17.1207828521729
11,Comunidad Valenciana,1986,6.73936039200853,,,,,,,,,,,,,18.4207916259766
11,Comunidad Valenciana,1987,7.14438731790917,,,,,,,,,,,,,19.7567386627197
11,Comunidad Valenciana,1988,7.56069729240306,,,,,,,,,,,,,22.3779983520508
11,Comunidad Valenciana,1989,7.96915167095116,,,,,,,,,,,,,23.738317489624
11,Comunidad Valenciana,1990,8.13838868303253,,,,,,,,,,,,,24.6734676361084
11,Comunidad Valenciana,1991,8.30619788040471,,,,,,,,,,,,,22.7543029785156
11,Comunidad Valenciana,1992,8.0805482404023,,,,,,,,,,,,,21.4616050720215
11,Comunidad Valenciana,1993,7.85704119414542,,,,,,,,,,,,,20.1841773986816
11,Comunidad Valenciana,1994,8.06840920032892,,,,,,,,,,,,,20.6151676177979
11,Comunidad Valenciana,1995,8.28906061716742,,,,,,,,,,,,,21.7886962890625
11,Comunidad Valenciana,1996,8.42973436161097,,,,,,,,,,,,,
11,Comunidad Valenciana,1997,8.72536435599873,,,,,,,,,,,,,
12,Extremadura,1955,1.24343048331057,,,,,,,,,,,,,
12,Extremadura,1956,1.3325478478317,,,,,,,,,,,,,
12,Extremadura,1957,1.42245070657128,,,,,,,,,,,,,
12,Extremadura,1958,1.4402313799015,,,,,,,,,,,,,
12,Extremadura,1959,1.45808342217514,,,,,,,,,,,,,
12,Extremadura,1960,1.53584691396069,,,,,,,,,,,,,
12,Extremadura,1961,1.59625816399695,46.5,1.60000002384186,10.6999998092651,7.98999977111816,26.6100006103516,6.6100001335144,,,,,,,
12,Extremadura,1962,1.70558416240728,,,,,,,,,,,,,
12,Extremadura,1963,1.81769496609367,42.4500007629395,1.97000002861023,10.9700002670288,8.18000030517578,30.1299991607666,6.30999994277954,,,,,,,
12,Extremadura,1964,1.88281929040085,,,,,,,198.069030761719,713.536682128906,20.4298152923584,9.42423725128174,4.34637928009033,,16.0566520690918
12,Extremadura,1965,1.9488718468133,37.5800018310547,2.9300000667572,10.8599996566772,9.39000034332275,32,7.26000022888184,189.69157409668,703.732543945313,21.3291072845459,10.0519132614136,4.4210057258606,,18.0707759857178
12,Extremadura,1966,2.03263348969212,,,,,,,181.497375488281,695.042297363281,22.3267841339111,10.7636795043945,4.50280570983887,,18.9422512054443
12,Extremadura,1967,2.11760916733054,33.0499992370606,3.13000011444092,11.0299997329712,9.25,34.1100006103516,9.43000030517578,173.483093261719,688.875,23.4936294555664,11.5677585601807,4.60787534713745,,21.0937271118164
12,Extremadura,1968,2.24550122432932,,,,,,,165.645462036133,681.676818847656,26.7379055023193,12.4326190948486,4.6397008895874,,23.2899532318115
12,Extremadura,1969,2.38196234878762,30.1599998474121,3.59999990463257,10.8699998855591,9.03999996185303,35.75,10.5799999237061,157.981262207031,674.467956542969,29.9734573364258,13.3898468017578,4.90563201904297,28.9699993133545,23.9835433959961
12,Extremadura,1970,2.51849473322912,,,,,,,,,,,,,21.9763240814209
12,Extremadura,1971,2.65402751662193,,,,,,,,,,,,,20.9220218658447
12,Extremadura,1972,2.84640092367583,,,,,,,,,,,,,21.5212917327881
12,Extremadura,1973,3.04562988978595,,,,,,,,,,,,,23.5006084442139
12,Extremadura,1974,3.10304190083525,,,,,,,,,,,,,22.9990043640137
12,Extremadura,1975,3.15674098346343,,,,,,,,,,,,,23.8751811981201
12,Extremadura,1976,3.26256794236245,,,,,,,,,,,,,25.0869369506836
12,Extremadura,1977,3.36539566227451,,,,,,,,,,,,,24.5106010437012
12,Extremadura,1978,3.4870750255089,,,,,,,,,,,,,26.2648887634277
12,Extremadura,1979,3.51585250893718,,,,,,,,,,,,,25.247013092041
12,Extremadura,1980,3.53956007337747,,,,,,,,,,,,,36.3258094787598
12,Extremadura,1981,3.57276482842235,,,,,,,,,,,,,39.4098014831543
12,Extremadura,1982,3.61096824247202,,,,,,,,,,,,,36.0924377441406
12,Extremadura,1983,3.64895744073122,,,,,,,,,,,,,28.8806972503662
12,Extremadura,1984,3.73714635522663,,,,,,,,,,,,,28.9459609985352
12,Extremadura,1985,3.82847768243671,,,,,,,,,,,,,24.619384765625
12,Extremadura,1986,4.16173948556551,,,,,,,,,,,,,26.492696762085
12,Extremadura,1987,4.49857169714903,,,,,,,,,,,,,23.0931091308594
12,Extremadura,1988,4.76949430812737,,,,,,,,,,,,,23.0579814910889
12,Extremadura,1989,5.05141405608442,,,,,,,,,,,,,25.2050437927246
12,Extremadura,1990,5.23407583882284,,,,,,,,,,,,,27.0556392669678
12,Extremadura,1991,5.39831462774029,,,,,,,,,,,,,29.6530513763428
12,Extremadura,1992,5.36546704429315,,,,,,,,,,,,,28.14089012146
12,Extremadura,1993,5.33261946084601,,,,,,,,,,,,,24.5728073120117
12,Extremadura,1994,5.43987423445422,,,,,,,,,,,,,21.8011627197266
12,Extremadura,1995,5.50135656344281,,,,,,,,,,,,,24.2228889465332
12,Extremadura,1996,5.90581253779612,,,,,,,,,,,,,
12,Extremadura,1997,6.22457870923598,,,,,,,,,,,,,
13,Galicia,1955,1.63467579383708,,,,,,,,,,,,,
13,Galicia,1956,1.72557836258558,,,,,,,,,,,,,
13,Galicia,1957,1.81648104029429,,,,,,,,,,,,,
13,Galicia,1958,1.84090251208918,,,,,,,,,,,,,
13,Galicia,1959,1.86539567970814,,,,,,,,,,,,,
13,Galicia,1960,1.98329041869734,,,,,,,,,,,,,
13,Galicia,1961,2.00578416629847,33.25,5.26000022888184,17.4400005340576,5.82999992370606,31.4099998474121,6.80999994277954,,,,,,,
13,Galicia,1962,2.18566114376082,,,,,,,,,,,,,
13,Galicia,1963,2.36639542022592,32.3800010681152,5.23999977111816,17.4400005340576,6.44000005722046,32.4300003051758,6.07000017166138,,,,,,,
13,Galicia,1964,2.45879739054746,,,,,,,235.295440673828,1684.7021484375,63.6056671142578,25.5104503631592,13.0256786346436,,15.5867547988892
13,Galicia,1965,2.54970006825617,29.1700000762939,5.32999992370606,17.8400001525879,7.40000009536743,33.6300010681152,6.65000009536743,235.123489379883,1674.84020996094,67.2105178833008,26.8081111907959,13.1926946640015,,19.1050872802734
13,Galicia,1966,2.66966570516683,,,,,,,234.916793823242,1667.1708984375,71.2246398925781,28.2892608642578,13.3779163360596,,21.5290145874023
13,Galicia,1967,2.78784635577056,26.5300006866455,5.17999982833862,18.2299995422363,7.3600001335144,34.7900009155273,7.92000007629395,234.676239013672,1664.88940429688,75.8933563232422,29.9673519134522,13.6285676956177,,22.2095241546631
13,Galicia,1968,2.9783632986139,,,,,,,234.402770996094,1658.34289550781,87.4872055053711,31.753547668457,13.6594495773315,,22.6949615478516
13,Galicia,1969,3.17737783101313,22.9799995422363,5.63000011444092,18.4599990844727,8.13000011444092,36.310001373291,8.48999977111816,234.097274780273,1651.63696289063,99.365478515625,33.7229232788086,14.3740549087524,91.0199966430664,22.5122718811035
13,Galicia,1970,3.36196799170661,,,,,,,,,,,,,21.0963020324707
13,Galicia,1971,3.53477584808358,,,,,,,,,,,,,21.0592098236084
13,Galicia,1972,3.78320471146079,,,,,,,,,,,,,22.6944522857666
13,Galicia,1973,4.0299913264179,,,,,,,,,,,,,23.0349578857422
13,Galicia,1974,4.13239083266946,,,,,,,,,,,,,24.3730659484863
13,Galicia,1975,4.23100549675539,,,,,,,,,,,,,21.5215072631836
13,Galicia,1976,4.35904029164101,,,,,,,,,,,,,22.5404987335205
13,Galicia,1977,4.48564683597655,,,,,,,,,,,,,22.460054397583
13,Galicia,1978,4.52170787420112,,,,,,,,,,,,,20.8565540313721
13,Galicia,1979,4.55748343665203,,,,,,,,,,,,,19.8971176147461
13,Galicia,1980,4.58169091057689,,,,,,,,,,,,,21.4147644042969
13,Galicia,1981,4.61875176777059,,,,,,,,,,,,,22.2603149414063
13,Galicia,1982,4.71079700233527,,,,,,,,,,,,,18.9320793151855
13,Galicia,1983,4.80634116745104,,,,,,,,,,,,,17.9381408691406
13,Galicia,1984,4.89931430724034,,,,,,,,,,,,,19.6235446929932
13,Galicia,1985,4.99778645135988,,,,,,,,,,,,,21.136173248291
13,Galicia,1986,5.2779205592487,,,,,,,,,,,,,17.2311058044434
13,Galicia,1987,5.56576687143517,,,,,,,,,,,,,17.396068572998
13,Galicia,1988,5.90952590205812,,,,,,,,,,,,,18.4397640228272
13,Galicia,1989,6.25449874952023,,,,,,,,,,,,,20.4401321411133
13,Galicia,1990,6.45322780614579,,,,,,,,,,,,,21.5044841766357
13,Galicia,1991,6.64160259108447,,,,,,,,,,,,,21.5099925994873
13,Galicia,1992,6.54448721961136,,,,,,,,,,,,,21.2633037567139
13,Galicia,1993,6.44751480394553,,,,,,,,,,,,,20.2256679534912
13,Galicia,1994,6.55648373971834,,,,,,,,,,,,,20.7619285583496
13,Galicia,1995,6.68866033044688,,,,,,,,,,,,,22.0208110809326
13,Galicia,1996,6.86246800579299,,,,,,,,,,,,,
13,Galicia,1997,7.13853179574251,,,,,,,,,,,,,
14,Madrid (Comunidad De),1955,4.5944728159421,,,,,,,,,,,,,
14,Madrid (Comunidad De),1956,4.78663244304641,,,,,,,,,,,,,
14,Madrid (Comunidad De),1957,4.96343913945904,,,,,,,,,,,,,
14,Madrid (Comunidad De),1958,4.90616964837613,,,,,,,,,,,,,
14,Madrid (Comunidad De),1959,4.84640104571127,,,,,,,,,,,,,
14,Madrid (Comunidad De),1960,5.16109689921183,,,,,,,,,,,,,
14,Madrid (Comunidad De),1961,5.63260481310585,2.41000008583069,2.45000004768372,23.0799999237061,8.14000034332275,53.3699989318848,10.5600004196167,,,,,,,
14,Madrid (Comunidad De),1962,5.84083127825644,,,,,,,,,,,,,
14,Madrid (Comunidad De),1963,6.02449287996398,2.35999989509583,2.19000005722046,23.1900005340576,8.23999977111816,54.7400016784668,9.27999973297119,,,,,,,
14,Madrid (Comunidad De),1964,6.09932893754686,,,,,,,122.863471984863,1709.73864746094,220.303680419922,55.36328125,51.7932586669922,,14.7288694381714
14,Madrid (Comunidad De),1965,6.15202820120591,1.76999998092651,2.07999992370605,24.9300003051758,8.67000007629395,51.7000007629395,10.8500003814697,127.15397644043,1765.89123535156,233.303817749023,57.7607727050781,53.8703651428223,,15.7073917388916
14,Madrid (Comunidad De),1966,6.11046859449198,,,,,,,131.313262939453,1826.0283203125,247.787292480469,60.510440826416,56.1019859313965,,16.8277263641357
14,Madrid (Comunidad De),1967,6.057340899252,1.46000003814697,1.87000000476837,24.2800006866455,8.56999969482422,51.8199996948242,12.0100002288818,135.343994140625,1893.69494628906,264.619781494141,63.6322860717774,58.7012596130371,,16.7447471618652
14,Madrid (Comunidad De),1968,6.2531419768738,,,,,,,139.248809814453,1944.68811035156,305.730285644531,66.9298782348633,60.433292388916,,15.9584579467773
14,Madrid (Comunidad De),1969,6.43558976174218,1.32000005245209,1.77999997138977,23.6900005340576,8.17000007629395,51.939998626709,13.1099996566772,143.030258178711,1996.40441894531,348.025024414063,70.555290222168,65.3297500610352,442.450012207031,17.4400634765625
14,Madrid (Comunidad De),1970,6.54334488067583,,,,,,,,,,,,,19.7359714508057
14,Madrid (Comunidad De),1971,6.67473565030527,,,,,,,,,,,,,16.3634643554688
14,Madrid (Comunidad De),1972,7.08690382895624,,,,,,,,,,,,,17.7570724487305
14,Madrid (Comunidad De),1973,7.47500748948961,,,,,,,,,,,,,19.0428199768066
14,Madrid (Comunidad De),1974,7.65566963428976,,,,,,,,,,,,,18.3821659088135
14,Madrid (Comunidad De),1975,7.81633801475248,,,,,,,,,,,,,16.2960662841797
14,Madrid (Comunidad De),1976,7.70708403904688,,,,,,,,,,,,,14.8248138427734
14,Madrid (Comunidad De),1977,7.59997178540506,,,,,,,,,,,,,15.1333360671997
14,Madrid (Comunidad De),1978,7.39003159393075,,,,,,,,,,,,,14.932092666626
14,Madrid (Comunidad De),1979,7.32147992593634,,,,,,,,,,,,,14.4670705795288
14,Madrid (Comunidad De),1980,7.41716617517763,,,,,,,,,,,,,12.1411733627319
14,Madrid (Comunidad De),1981,7.53213402476525,,,,,,,,,,,,,10.5835418701172
14,Madrid (Comunidad De),1982,7.54284525012943,,,,,,,,,,,,,11.082971572876
14,Madrid (Comunidad De),1983,7.55855469865753,,,,,,,,,,,,,10.7892055511475
14,Madrid (Comunidad De),1984,7.69922844310108,,,,,,,,,,,,,9.3316707611084
14,Madrid (Comunidad De),1985,7.83918915187179,,,,,,,,,,,,,10.2985944747925
14,Madrid (Comunidad De),1986,8.34761496715224,,,,,,,,,,,,,11.6767740249634
14,Madrid (Comunidad De),1987,8.84961474455959,,,,,,,,,,,,,12.7537307739258
14,Madrid (Comunidad De),1988,9.25449871465296,,,,,,,,,,,,,13.9098491668701
14,Madrid (Comunidad De),1989,9.65795487003713,,,,,,,,,,,,,15.5876665115356
14,Madrid (Comunidad De),1990,9.80648421042649,,,,,,,,,,,,,15.4658737182617
14,Madrid (Comunidad De),1991,9.96358218243448,,,,,,,,,,,,,16.876277923584
14,Madrid (Comunidad De),1992,9.84004570122822,,,,,,,,,,,,,16.3416538238525
14,Madrid (Comunidad De),1993,9.7186518137675,,,,,,,,,,,,,15.5834465026855
14,Madrid (Comunidad De),1994,9.88217669533035,,,,,,,,,,,,,17.076150894165
14,Madrid (Comunidad De),1995,10.0985429246778,,,,,,,,,,,,,17.1340103149414
14,Madrid (Comunidad De),1996,10.322764749971,,,,,,,,,,,,,
14,Madrid (Comunidad De),1997,10.73264781491,,,,,,,,,,,,,
15,Murcia (Region de),1955,1.67952011531164,,,,,,,,,,,,,
15,Murcia (Region de),1956,1.76428168611981,,,,,,,,,,,,,
15,Murcia (Region de),1957,1.85032844271056,,,,,,,,,,,,,
15,Murcia (Region de),1958,1.88738929990427,,,,,,,,,,,,,
15,Murcia (Region de),1959,1.92409320342067,,,,,,,,,,,,,
15,Murcia (Region de),1960,2.11860898629967,,,,,,,,,,,,,
15,Murcia (Region de),1961,2.30548404278465,23.8500003814697,9.85999965667725,19.4699993133545,5.23999977111816,34.7099990844727,6.88000011444092,,,,,,,
15,Murcia (Region de),1962,2.52142249431245,,,,,,,,,,,,,
15,Murcia (Region de),1963,2.73907445424354,22.3400001525879,9.40999984741211,19.8899993896484,5.73999977111816,35.8199996948242,6.78999996185303,,,,,,,
15,Murcia (Region de),1964,2.85125684479379,,,,,,,110.026252746582,429.20654296875,24.4162006378174,8.23727226257324,4.22677516937256,,16.8633575439453
15,Murcia (Region de),1965,2.96593834692599,18.5200004577637,11.1999998092651,19.8099994659424,6.51000022888184,36.2299995422363,7.73999977111816,108.333282470703,429.5390625,25.2321701049805,8.52175331115723,4.29338550567627,,18.2309856414795
15,Murcia (Region de),1966,3.09918601660686,,,,,,,106.665687561035,430.465148925781,26.1326198577881,8.85069179534912,4.36662483215332,,24.4878005981445
15,Murcia (Region de),1967,3.22729228939611,17.3700008392334,10.7700004577637,18.8600006103516,6.36999988555908,36.939998626709,9.69999980926514,105.023094177246,432.902587890625,27.1941242218018,9.22547721862793,4.46204042434692,,24.7873210906982
15,Murcia (Region de),1968,3.46115404318074,,,,,,,103.405128479004,433.731048583984,30.591402053833,9.61625862121582,4.48619937896729,,19.002290725708
15,Murcia (Region de),1969,3.70615545391049,14.6800003051758,9.89999961853027,20.1900005340576,7.59000015258789,37.189998626709,10.4499998092651,101.81143951416,434.636444091797,33.8780860900879,10.0437860488892,4.73614072799683,73.3600006103516,20.8658714294434
15,Murcia (Region de),1970,3.90638380314888,,,,,,,,,,,,,21.7672672271729
15,Murcia (Region de),1971,4.08647543224257,,,,,,,,,,,,,21.0152168273926
15,Murcia (Region de),1972,4.37946292340023,,,,,,,,,,,,,21.2000560760498
15,Murcia (Region de),1973,4.66695228190941,,,,,,,,,,,,,23.0234603881836
15,Murcia (Region de),1974,4.69780066325916,,,,,,,,,,,,,24.4522171020508
15,Murcia (Region de),1975,4.72272204453862,,,,,,,,,,,,,22.6638603210449
15,Murcia (Region de),1976,4.78434732933448,,,,,,,,,,,,,22.5997066497803
15,Murcia (Region de),1977,4.84454436358027,,,,,,,,,,,,,22.6332473754883
15,Murcia (Region de),1978,4.8646100416622,,,,,,,,,,,,,21.8282051086426
15,Murcia (Region de),1979,4.83640372770168,,,,,,,,,,,,,21.6917476654053
15,Murcia (Region de),1980,4.76321035437978,,,,,,,,,,,,,21.4614429473877
15,Murcia (Region de),1981,4.70808345704241,,,,,,,,,,,,,21.5449638366699
15,Murcia (Region de),1982,4.81112539274493,,,,,,,,,,,,,21.812520980835
15,Murcia (Region de),1983,4.90688355573073,,,,,,,,,,,,,20.5108871459961
15,Murcia (Region de),1984,5.03199080745345,,,,,,,,,,,,,17.9793586730957
15,Murcia (Region de),1985,5.15459851175334,,,,,,,,,,,,,18.2883014678955
15,Murcia (Region de),1986,5.4715080010622,,,,,,,,,,,,,19.2614326477051
15,Murcia (Region de),1987,5.78856044617832,,,,,,,,,,,,,21.5431385040283
15,Murcia (Region de),1988,6.12489274827728,,,,,,,,,,,,,23.6007595062256
15,Murcia (Region de),1989,6.45044278294929,,,,,,,,,,,,,26.3808155059814
15,Murcia (Region de),1990,6.57819210206124,,,,,,,,,,,,,27.4517707824707
15,Murcia (Region de),1991,6.71036825694891,,,,,,,,,,,,,25.5779037475586
15,Murcia (Region de),1992,6.66288208600556,,,,,,,,,,,,,23.1358852386475
15,Murcia (Region de),1993,6.61632382028684,,,,,,,,,,,,,21.1626472473145
15,Murcia (Region de),1994,6.78484736085449,,,,,,,,,,,,,21.1073265075684
15,Murcia (Region de),1995,6.88581818071511,,,,,,,,,,,,,23.9480438232422
15,Murcia (Region de),1996,7.04541570014594,,,,,,,,,,,,,
15,Murcia (Region de),1997,7.29505838036231,,,,,,,,,,,,,
16,Navarra (Comunidad Foral De),1955,2.55512715884189,,,,,,,,,,,,,
16,Navarra (Comunidad Foral De),1956,2.69815771282145,,,,,,,,,,,,,
16,Navarra (Comunidad Foral De),1957,2.83983149415457,,,,,,,,,,,,,
16,Navarra (Comunidad Foral De),1958,2.88189079243263,,,,,,,,,,,,,
16,Navarra (Comunidad Foral De),1959,2.93087690975012,,,,,,,,,,,,,
16,Navarra (Comunidad Foral De),1960,3.16352462877515,,,,,,,,,,,,,
16,Navarra (Comunidad Foral De),1961,3.33590405357119,29.2399997711182,3.45000004768372,24.7199993133545,6.23000001907349,29.9099998474121,6.44999980926514,,,,,,,
16,Navarra (Comunidad Foral De),1962,3.62339341208037,,,,,,,,,,,,,
16,Navarra (Comunidad Foral De),1963,3.89481571462283,29.7900009155273,2.79999995231628,26.0400009155273,6.46000003814697,29.5400009155273,5.36999988555908,,,,,,,
16,Navarra (Comunidad Foral De),1964,3.98514722286378,,,,,,,13.3898134231567,274.247863769531,15.8491640090942,5.54356098175049,3.86828541755676,,19.1858196258545
16,Navarra (Comunidad Foral De),1965,4.07297918368189,24.3999996185303,2.6800000667572,28.8500003814697,7.34999990463257,30.5699996948242,6.15999984741211,13.4128046035767,276.363555908203,17.1040096282959,5.88534259796143,3.97963047027588,,21.209753036499
16,Navarra (Comunidad Foral De),1966,4.21001147760796,,,,,,,13.4329719543457,278.747283935547,18.5064468383789,6.27357196807861,4.09997081756592,,19.8447246551514
16,Navarra (Comunidad Foral De),1967,4.35239938421612,22.5200004577637,2.35999989509583,29.8199996948242,7.09000015258789,30.7600002288818,7.44999980926514,13.4503841400146,281.893890380859,20.1286563873291,6.71248388290405,4.24443912506104,,17.9839763641357
16,Navarra (Comunidad Foral De),1968,4.55698352716746,,,,,,,13.4651098251343,283.630767822266,23.6790332794189,7.18329238891602,4.32393074035645,,18.7410049438477
16,Navarra (Comunidad Foral De),1969,4.76570990180261,17.5699996948242,2.41000008583069,32.560001373291,7.78000020980835,31.5599994659424,8.11999988555908,13.4772138595581,285.131011962891,27.4383029937744,7.70386505126953,4.62594985961914,44.1699981689453,22.7656745910645
16,Navarra (Comunidad Foral De),1970,4.97943449960168,,,,,,,,,,,,,22.24440574646
16,Navarra (Comunidad Foral De),1971,5.19965704901836,,,,,,,,,,,,,19.5905246734619
16,Navarra (Comunidad Foral De),1972,5.46679525367194,,,,,,,,,,,,,20.1721096038818
16,Navarra (Comunidad Foral De),1973,5.73050556983719,,,,,,,,,,,,,22.5183830261231
16,Navarra (Comunidad Foral De),1974,5.98478995538105,,,,,,,,,,,,,25.0085678100586
16,Navarra (Comunidad Foral De),1975,6.22293646081588,,,,,,,,,,,,,27.484489440918
16,Navarra (Comunidad Foral De),1976,6.29777208255789,,,,,,,,,,,,,27.7473335266113
16,Navarra (Comunidad Foral De),1977,6.38446170444047,,,,,,,,,,,,,24.1056308746338
16,Navarra (Comunidad Foral De),1978,6.32419319229104,,,,,,,,,,,,,22.790994644165
16,Navarra (Comunidad Foral De),1979,6.23964572831312,,,,,,,,,,,,,22.8123836517334
16,Navarra (Comunidad Foral De),1980,6.20844039328607,,,,,,,,,,,,,19.2924785614014
16,Navarra (Comunidad Foral De),1981,6.17787792355086,,,,,,,,,,,,,16.8062381744385
16,Navarra (Comunidad Foral De),1982,6.36203943474298,,,,,,,,,,,,,15.8658895492554
16,Navarra (Comunidad Foral De),1983,6.54470165332227,,,,,,,,,,,,,14.9711418151855
16,Navarra (Comunidad Foral De),1984,6.79720083463876,,,,,,,,,,,,,13.3959035873413
16,Navarra (Comunidad Foral De),1985,7.04777185592063,,,,,,,,,,,,,15.864387512207
16,Navarra (Comunidad Foral De),1986,7.44929985127017,,,,,,,,,,,,,17.9428825378418
16,Navarra (Comunidad Foral De),1987,7.87917755222838,,,,,,,,,,,,,19.5691547393799
16,Navarra (Comunidad Foral De),1988,8.34975756089778,,,,,,,,,,,,,20.5950679779053
16,Navarra (Comunidad Foral De),1989,8.80391334200273,,,,,,,,,,,,,22.3473205566406
16,Navarra (Comunidad Foral De),1990,9.19737217937732,,,,,,,,,,,,,23.6747093200684
16,Navarra (Comunidad Foral De),1991,9.59154492410651,,,,,,,,,,,,,23.5686073303223
16,Navarra (Comunidad Foral De),1992,9.34518674073033,,,,,,,,,,,,,25.5794525146484
16,Navarra (Comunidad Foral De),1993,9.11739537866413,,,,,,,,,,,,,23.4554958343506
16,Navarra (Comunidad Foral De),1994,9.36589528410409,,,,,,,,,,,,,25.159740447998
16,Navarra (Comunidad Foral De),1995,9.75864021412409,,,,,,,,,,,,,25.0543174743652
16,Navarra (Comunidad Foral De),1996,10.0606971180667,,,,,,,,,,,,,
16,Navarra (Comunidad Foral De),1997,10.5227076234357,,,,,,,,,,,,,
17,Basque Country (Pais Vasco),1955,3.85318463000527,,,,,,,,,,,,,
17,Basque Country (Pais Vasco),1956,3.94565829615088,,,,,,,,,,,,,
17,Basque Country (Pais Vasco),1957,4.03356173487263,,,,,,,,,,,,,
17,Basque Country (Pais Vasco),1958,4.02342189689665,,,,,,,,,,,,,
17,Basque Country (Pais Vasco),1959,4.01378196840523,,,,,,,,,,,,,
17,Basque Country (Pais Vasco),1960,4.28591839622273,,,,,,,,,,,,,
17,Basque Country (Pais Vasco),1961,4.57433609579741,7.96000003814697,4.73000001907349,44.2599983215332,5.53000020980835,33.5900001525879,3.94000005722046,,,,,,,
17,Basque Country (Pais Vasco),1962,4.89895735356305,,,,,,,,,,,,,
17,Basque Country (Pais Vasco),1963,5.19701498162913,8.10999965667725,4.25,44.4300003051758,5.92000007629395,33.8699989318848,3.4300000667572,,,,,,,
17,Basque Country (Pais Vasco),1964,5.33890297875272,,,,,,,36.3632392883301,969.140014648437,67.9733352661133,21.6917819976807,12.2613000869751,,23.8191528320313
17,Basque Country (Pais Vasco),1965,5.46515300525185,6.73000001907349,4.05000019073486,46.2200012207031,6.36999988555908,33,3.64000010490418,37.8310432434082,992.827880859375,74.1777114868164,23.062183380127,12.6866369247437,,25.4604396820068
17,Basque Country (Pais Vasco),1966,5.54591562706414,,,,,,,39.2548980712891,1018.14312744141,81.1203002929688,24.6179656982422,13.1446952819824,,25.0173454284668
17,Basque Country (Pais Vasco),1967,5.61489572663949,5.8899998664856,3.75,45.1100006103516,6.48000001907349,34.2200012207031,4.55000019073486,40.6356964111328,1046.98718261719,89.1361541748047,26.3764228820801,13.684739112854,,23.4360332489014
17,Basque Country (Pais Vasco),1968,5.85218493307158,,,,,,,41.9743118286133,1070.11999511719,105.888786315918,28.264331817627,14.0191659927368,,23.7783908843994
17,Basque Country (Pais Vasco),1969,6.08140541736959,5.53000020980835,3.75,45.3899993896484,6.44999980926514,34.0900001525879,4.80000019073486,43.271598815918,1093.23559570313,123.85572052002,30.3524646759033,15.0817813873291,246.889999389648,26.3729362487793
17,Basque Country (Pais Vasco),1970,6.17009424134957,,,,,,,,,,,,,25.4970436096191
17,Basque Country (Pais Vasco),1971,6.28363340454625,,,,,,,,,,,,,22.7163124084473
17,Basque Country (Pais Vasco),1972,6.55555539865284,,,,,,,,,,,,,24.5688056945801
17,Basque Country (Pais Vasco),1973,6.81076856110308,,,,,,,,,,,,,23.0518627166748
17,Basque Country (Pais Vasco),1974,7.1051843028108,,,,,,,,,,,,,23.7866611480713
17,Basque Country (Pais Vasco),1975,7.37789168217563,,,,,,,,,,,,,19.8656044006348
17,Basque Country (Pais Vasco),1976,7.23293362192275,,,,,,,,,,,,,20.3656425476074
17,Basque Country (Pais Vasco),1977,7.08983137211913,,,,,,,,,,,,,20.0888938903809
17,Basque Country (Pais Vasco),1978,6.78670360714461,,,,,,,,,,,,,18.5496139526367
17,Basque Country (Pais Vasco),1979,6.6398173868571,,,,,,,,,,,,,16.3017597198486
17,Basque Country (Pais Vasco),1980,6.56283917136956,,,,,,,,,,,,,16.5340042114258
17,Basque Country (Pais Vasco),1981,6.50078545499277,,,,,,,,,,,,,15.7956075668335
17,Basque Country (Pais Vasco),1982,6.54505860699956,,,,,,,,,,,,,14.4020538330078
17,Basque Country (Pais Vasco),1983,6.59532980113941,,,,,,,,,,,,,15.0416736602783
17,Basque Country (Pais Vasco),1984,6.76149675009149,,,,,,,,,,,,,14.7125797271729
17,Basque Country (Pais Vasco),1985,6.93716067172772,,,,,,,,,,,,,15.6840753555298
17,Basque Country (Pais Vasco),1986,7.33219115130052,,,,,,,,,,,,,16.3246994018555
17,Basque Country (Pais Vasco),1987,7.74278812359415,,,,,,,,,,,,,15.5889568328857
17,Basque Country (Pais Vasco),1988,8.12053664075889,,,,,,,,,,,,,16.8475723266602
17,Basque Country (Pais Vasco),1989,8.50971116232416,,,,,,,,,,,,,19.7838096618652
17,Basque Country (Pais Vasco),1990,8.7767778890741,,,,,,,,,,,,,19.9347801208496
17,Basque Country (Pais Vasco),1991,9.02527866619582,,,,,,,,,,,,,20.0072422027588
17,Basque Country (Pais Vasco),1992,8.87389282470634,,,,,,,,,,,,,19.9394264221191
17,Basque Country (Pais Vasco),1993,8.71822353908928,,,,,,,,,,,,,17.9752731323242
17,Basque Country (Pais Vasco),1994,9.01813784928637,,,,,,,,,,,,,17.893705368042
17,Basque Country (Pais Vasco),1995,9.44087386165337,,,,,,,,,,,,,19.266321182251
17,Basque Country (Pais Vasco),1996,9.68651813767495,,,,,,,,,,,,,
17,Basque Country (Pais Vasco),1997,10.1706658728087,,,,,,,,,,,,,
18,Rioja (La),1955,2.39045993834351,,,,,,,,,,,,,
18,Rioja (La),1956,2.53520421864679,,,,,,,,,,,,,
18,Rioja (La),1957,2.68001997685371,,,,,,,,,,,,,
18,Rioja (La),1958,2.72643528676517,,,,,,,,,,,,,
18,Rioja (La),1959,2.77285059667662,,,,,,,,,,,,,
18,Rioja (La),1960,2.96986570905802,,,,,,,,,,,,,
18,Rioja (La),1961,3.1531705750087,32.7200012207031,3.08999991416931,27.5699996948242,4.34000015258789,26.2299995422363,6.05000019073486,,,,,,,
18,Rioja (La),1962,3.40438446158241,,,,,,,,,,,,,
18,Rioja (La),1963,3.66923755252406,34.4300003051758,2.99000000953674,25.3899993896484,4.73999977111816,27.0699996948242,5.38000011444092,,,,,,,
18,Rioja (La),1964,3.80398473273819,,,,,,,10.23792552948,151.320892333984,8.60982704162598,3.06339836120605,1.81167531013489,,16.6301879882813
18,Rioja (La),1965,3.92180821174419,31.9500007629395,3.01999998092651,25.9599990844727,5.34999990463257,27.6399993896484,6.07999992370606,9.79054164886475,151.513656616211,8.87244129180908,3.16899657249451,1.77959680557251,,17.7282848358154
18,Rioja (La),1966,4.03270487171076,,,,,,,9.35300159454346,151.885833740234,9.16163349151611,3.29110646247864,1.74683582782745,,17.6105575561523
18,Rioja (La),1967,4.16031123501544,27.6000003814697,2.78999996185303,27.0300006866455,5.65000009536743,29.5100002288818,7.42999982833862,8.92512512207031,152.711868286133,9.50362682342529,3.43024039268494,1.71896767616272,,16.5963726043701
18,Rioja (La),1968,4.37303644968625,,,,,,,8.50673580169678,152.956436157227,10.6550092697144,3.57529520988464,1.66027390956879,,18.9667510986328
18,Rioja (La),1969,4.60354179288618,24.9099998474121,2.54999995231628,27.1100006103516,6.1100001335144,31.0499992370606,8.27999973297119,8.09766006469727,153.228103637695,11.7576704025269,3.73398232460022,1.67922723293304,46.5800018310547,20.8034381866455
18,Rioja (La),1970,4.79341630627856,,,,,,,,,,,,,21.5658359527588
18,Rioja (La),1971,4.9833618617337,,,,,,,,,,,,,19.5932922363281
18,Rioja (La),1972,5.23007699878718,,,,,,,,,,,,,20.8908863067627
18,Rioja (La),1973,5.47464997793599,,,,,,,,,,,,,20.7731380462646
18,Rioja (La),1974,5.57583566734839,,,,,,,,,,,,,23.3648471832275
18,Rioja (La),1975,5.67609257985442,,,,,,,,,,,,,22.5327281951904
18,Rioja (La),1976,5.81655232642794,,,,,,,,,,,,,31.1758613586426
18,Rioja (La),1977,5.9557982561623,,,,,,,,,,,,,36.6737174987793
18,Rioja (La),1978,6.06655239616248,,,,,,,,,,,,,39.0718536376953
18,Rioja (La),1979,6.10104266387059,,,,,,,,,,,,,31.2611522674561
18,Rioja (La),1980,6.10868339026461,,,,,,,,,,,,,25.4913959503174
18,Rioja (La),1981,6.13996020319529,,,,,,,,,,,,,19.7470569610596
18,Rioja (La),1982,6.30976860266486,,,,,,,,,,,,,19.5771312713623
18,Rioja (La),1983,6.5021422276392,,,,,,,,,,,,,17.3251037597656
18,Rioja (La),1984,6.62689252568463,,,,,,,,,,,,,17.8476257324219
18,Rioja (La),1985,6.7755639501995,,,,,,,,,,,,,16.5573043823242
18,Rioja (La),1986,7.16509586128294,,,,,,,,,,,,,16.6409587860107
18,Rioja (La),1987,7.58069105674049,,,,,,,,,,,,,18.5728778839111
18,Rioja (La),1988,8.00271316175289,,,,,,,,,,,,,21.577579498291
18,Rioja (La),1989,8.45329940608487,,,,,,,,,,,,,22.7909698486328
18,Rioja (La),1990,8.85889728353283,,,,,,,,,,,,,21.0927810668945
18,Rioja (La),1991,9.22950585546987,,,,,,,,,,,,,18.9119243621826
18,Rioja (La),1992,9.18094795181288,,,,,,,,,,,,,21.8620376586914
18,Rioja (La),1993,9.13239091983764,,,,,,,,,,,,,16.7657871246338
18,Rioja (La),1994,9.498000396929,,,,,,,,,,,,,16.4694519042969
18,Rioja (La),1995,9.75221330456923,,,,,,,,,,,,,20.2756500244141
18,Rioja (La),1996,10.0564128022574,,,,,,,,,,,,,
18,Rioja (La),1997,10.4762923135243,,,,,,,,,,,,,
